{"stats":{"minecraft:picked_up":{"minecraft:feather":1,"minecraft:chicken":2,"minecraft:spruce_log":12,"minecraft:dirt":1},"minecraft:used":{"minecraft:dirt":1,"minecraft:spruce_log":3},"minecraft:killed":{"minecraft:chicken":2},"minecraft:mined":{"minecraft:large_fern":3,"minecraft:grass":1,"minecraft:grass_block":1,"minecraft:spruce_leaves":4,"minecraft:spruce_log":12,"minecraft:fern":1},"minecraft:custom":{"minecraft:time_since_rest":5599,"minecraft:crouch_one_cm":368,"minecraft:play_time":5599,"minecraft:sprint_one_cm":5543,"minecraft:walk_one_cm":14143,"minecraft:sneak_time":99,"minecraft:mob_kills":2,"minecraft:jump":55,"minecraft:damage_dealt":80,"minecraft:leave_game":1,"minecraft:time_since_death":5599,"minecraft:total_world_time":5599,"minecraft:fly_one_cm":4403,"minecraft:fall_one_cm":689}},"DataVersion":3463}